{"cameraMode":{"drawMode":0,"name":"Shaded","section":"Shading Mode"},"sceneLighting":false,"audioPlay":false,"sceneViewState":{"m_AlwaysRefresh":false,"showFog":true,"showSkybox":false,"showFlares":true,"showImageEffects":true,"showParticleSystems":true,"showVisualEffectGraphs":true,"m_FxEnabled":true},"in2DMode":false,"pivot":{"x":11.714123725891114,"y":0.559999942779541,"z":17.540000915527345},"rotation":{"x":0.16011904180049897,"y":0.4686439633369446,"z":-0.08519619703292847,"w":0.8650052547454834},"size":3.5660250186920168,"orthographic":false}