{"cameraMode":{"drawMode":0,"name":"Shaded","section":"Shading Mode"},"sceneLighting":true,"audioPlay":false,"sceneViewState":{"m_AlwaysRefresh":false,"showFog":true,"showSkybox":true,"showFlares":true,"showImageEffects":true,"showParticleSystems":true,"showVisualEffectGraphs":true,"m_FxEnabled":true},"in2DMode":false,"pivot":{"x":11.714123725891114,"y":0.5600000023841858,"z":8.83220386505127},"rotation":{"x":0.17193759977817536,"y":-0.5777849555015564,"z":0.12603110074996949,"w":0.7879751324653626},"size":13.088324546813965,"orthographic":false}