{"cameraMode":{"drawMode":0,"name":"Shaded","section":"Shading Mode"},"sceneLighting":true,"audioPlay":false,"sceneViewState":{"m_AlwaysRefresh":false,"showFog":true,"showSkybox":true,"showFlares":true,"showImageEffects":true,"showParticleSystems":true,"showVisualEffectGraphs":true,"m_FxEnabled":true},"in2DMode":false,"pivot":{"x":10.599989891052246,"y":1.2485651969909669,"z":12.750713348388672},"rotation":{"x":-0.29786747694015505,"y":0.6993114352226257,"z":-0.42002129554748537,"w":-0.4961578845977783},"size":27.337709426879884,"orthographic":false}