{"cameraMode":{"drawMode":0,"name":"Shaded","section":"Shading Mode"},"sceneLighting":true,"audioPlay":false,"sceneViewState":{"m_AlwaysRefresh":false,"showFog":true,"showSkybox":true,"showFlares":true,"showImageEffects":true,"showParticleSystems":true,"showVisualEffectGraphs":true,"m_FxEnabled":true},"in2DMode":false,"pivot":{"x":609.455810546875,"y":1513.3284912109375,"z":181.688232421875},"rotation":{"x":-0.13486702740192414,"y":-0.023180004209280015,"z":0.0032247297931462528,"w":-0.9906548857688904},"size":1601.5091552734375,"orthographic":false}